sk_local,country,city,latitude,longitude,elevation_m,elevation_km,raw_city,raw_country
1,Andorra,Engolasters,42.5088888889,1.5636111111,1507,1.507,Engolasters,Andorra
2,Andorra,Ordino Arcadis,42.6308333333,1.4841666667,2209,2.209,Ordino Arcadis,Andorra
3,Argentina,Cordoba,-33.1958475015,-63.2889753953,153,0.153,Córdoba,Argentina
4,Argentina,Parana,-31.7465082506,-60.5227740126,79,0.079,Paraná,Argentina
5,Argentina,Santa Eufemia,-33.1779698785,-63.2810803131,154,0.154,Santa Eufemia,Argentina
6,Australia,Alaska Pool Lorella Stn,-15.41144,135.9376,14,0.014,Alaska Pool Lorella Stn,Australia
7,Australia,Beecroft,-33.74364,151.06776,148,0.148,Beecroft,Australia
8,Australia,Bilyana,-18.09016,145.85349,28,0.028,Bilyana,Australia
9,Australia,Bimbi,-33.8988816534,147.9213993772,279,0.279,Bimbi,Australia
10,Australia,Borroloola,-16.0698424196,136.3086382064,14,0.014,Borroloola,Australia
11,Australia,Camooweal,-19.9293616025,138.1159764846,226,0.226,Camooweal,Australia
12,Australia,Canowindra,-33.5131964736,148.6344675897,341,0.341,Canowindra,Australia
13,Australia,Carabost,-35.6246976247,147.7868200933,539,0.539,Carabost,Australia
14,Australia,Cloncurry,-20.8068717424,139.996734253,335,0.335,Cloncurry,Australia
15,Australia,Crossroads,-26.7995865126,150.579897006,301,0.301,Crossroads,Australia
16,Australia,Croydon,-18.2141890265,142.2522046022,121,0.121,Croydon,Australia
17,Australia,Douglas-daly,-13.543869639,131.3753827245,144,0.144,Douglas-Daly,Australia
18,Australia,Echo Gorge,-17.2083,137.78471,188,0.188,Echo Gorge,Australia
19,Australia,George Boyd Lo,-35.1741468447,150.3698139753,504,0.504,George Boyd LO,Australia
20,Australia,Gin Gin,-24.90818,151.80497,172,0.172,Gin Gin,Australia
21,Australia,Green Hills,-35.5703853579,148.0885226028,978,0.978,Green Hills,Australia
22,Australia,Heathcote Np,-34.184667,150.968548,242,0.242,Heathcote NP,Australia
23,Australia,Heathcote Np,-34.1841416667,150.9690027778,245,0.245,Heathcote NP,Australia
24,Australia,Helicopter Pool At Lorella,-15.42,135.7144444444,190,0.19,Helicopter Pool at Lorella,Australia
25,Australia,Inverell,-29.7831433892,151.1199948468,593,0.593,Inverell,Australia
26,Australia,Jugiong,-34.8006382064,148.333336445,411,0.411,Jugiong,Australia
27,Australia,Karumba Point,-17.4455,140.83746,2,0.002,Karumba Point,Australia
28,Australia,Khancoban,-36.1654720689,148.1574207631,510,0.51,Khancoban,Australia
29,Australia,Kooralbyn,-28.0946790381,152.8344227595,146,0.146,Kooralbyn,Australia
30,Australia,Lawn Hill,-18.70099,138.48763,142,0.142,Lawn Hill,Australia
31,Australia,Lerida,-34.8830858499,149.3541747933,771,0.771,Lerida,Australia
32,Australia,Limmen Np,-16.301904,135.70725,99,0.099,Limmen NP,Australia
33,Australia,Listen Np,-16.301904,135.70725,99,0.099,Listen NP,Australia
34,Australia,Longreach,-23.4034141444,144.2206477717,185,0.185,Longreach,Australia
35,Australia,Lorella Springs,-15.71742,135.64177,80,0.08,Lorella Springs,Australia
36,Australia,Manton,-34.828224297,149.0423775872,815,0.815,Manton,Australia
37,Australia,Mataranka,-14.9196614714,133.0583526594,140,0.14,Mataranka,Australia
38,Australia,Mckinlay,-21.0761182411,141.0172188261,201,0.201,Mckinlay,Australia
39,Australia,Millaa Millaa Lookout,-17.52007,145.56796,1062,1.062,Millaa Millaa Lookout,Australia
40,Australia,Mission Beach,-17.8112,146.02983,24,0.024,Mission Beach,Australia
41,Australia,Mt Isa,-20.68885,139.66752,320,0.32,Mt Isa,Australia
42,Australia,Nathan Springs,-15.56184,135.41657,26,0.026,Nathan Springs,Australia
43,Australia,Normanton,-17.69872,141.07816,24,0.024,Normanton,Australia
44,Australia,Old Adaminaby,-36.0388777778,148.7060083333,1182,1.182,Old Adaminaby,Australia
45,Australia,Padstow,-33.9530333258,151.0372246489,23,0.023,Padstow,Australia
46,Australia,Ravenshoe,-17.57611,145.45094,991,0.991,Ravenshoe,Australia
47,Australia,Rockhampton,-23.5094,150.54932,21,0.021,Rockhampton,Australia
48,Australia,Sommariva,-26.4135396083,146.8852050776,370,0.37,Sommariva,Australia
49,Australia,Spring Ck On Mulligan Hwy,-16.45448,144.83783,439,0.439,Spring Ck on Mulligan Hwy,Australia
50,Australia,Tallangatta,-36.2317661787,147.1703732462,368,0.368,Tallangatta,Australia
51,Australia,Threeways,-19.43778,134.21196,328,0.328,Threeways,Australia
52,Australia,Unknown,-19.7885,138.79712,322,0.322,100 km W Mt Isa,Australia
53,Australia,Unknown,-17.54248,145.39737,921,0.921,Ravenshoe #2,Australia
54,Australia,Unknown,-18.62015,143.81954,731,0.731,20 km E of Einasleigh,Australia
55,Australia,Unknown,-18.13945,144.6603,743,0.743,Undara Lava Tubes T/O,Australia
56,Australia,Wandin North,-37.7784,145.4231,161,0.161,Wandin North,Australia
57,Australia,Woombah,-29.35904,153.27683,23,0.023,Woombah,Australia
58,Australia,Yeppoon,-23.14827,150.70766,56,0.056,Yeppoon,Australia
59,Austria,Atzelsdorf,48.5083333333,16.5530555556,220,0.22,Atzelsdorf,Austria
60,Austria,Kemeten,47.2511111111,16.1361111111,370,0.37,Kemeten,Austria
61,Austria,Kleingottfritz,48.4855555556,15.1486111111,760,0.76,Kleingöttfritz,Austria
62,Austria,Pettneu Am Arlberg,47.1504,10.3445,1255,1.255,Pettneu am Arlberg,Austria
63,Austria,Wallern,47.6994444444,16.9697222222,120,0.12,Wallern,Austria
64,Belarus,Poliany,54.2794137183,26.7437012787,229,0.229,Поляны,Belarus
65,Belarus,Polyani,54.2794444444,26.7438888889,229,0.229,Polyani,Belarus
66,Belgium,Ellezelles,50.7177777778,3.6438888889,100,0.1,Ellezelles,Belgium
67,Belgium,Lierneux,50.3091234502,5.8396599117,471,0.471,Lierneux,Belgium
68,Belgium,Ronse,50.7291356749,3.6146822924,34,0.034,Ronse,Belgium
69,Belgium,Tielt,50.9877369573,3.3209908599,33,0.033,Tielt,Belgium
70,Brazil,Florianopolis,-27.6575,-48.5436111111,2,0.002,Florianopolis,Brazil
71,Brazil,Piranguinho,-22.40291,-45.53396,841,0.841,Piranguinho,Brazil
72,Brazil,Piranguinho,-22.4008333333,-45.535,838,0.838,Piranguinho,Brazil
73,Brazil,Piranguinho,-22.4105555556,-45.5352777778,838,0.838,Piranguinho,Brazil
74,Brazil,Piranguinho,-22.4104644654,-45.5351835695,896,0.896,Piranguinho,Brazil
75,Bulgaria,Ardino,41.57625,25.16617,986,0.986,Ardino,Bulgaria
76,Canada,Balsam Provincial Park,44.63,-78.86,274,0.274,Balsam Provincial Park,Canada
77,Canada,Bonnechere Provincial Park,45.6622222222,-77.5716666667,174,0.174,Bonnechere Provincial Park,Canada
78,Canada,Bourget,45.434,-75.104,50,0.05,Bourget,Canada
79,Canada,L A Public Dark Site,44.5588888889,-77.1158333333,174,0.174,L A Public Dark Site,Canada
80,Canada,Leduc,53.085329,-113.634777,785,0.785,Leduc,Canada
81,Canada,Manitoba,50.0153812678,-97.086342328,230,0.23,Manitoba,Canada
82,Canada,Moose Creek,45.2528,-75.0518,68,0.068,Moose Creek,Canada
83,Canada,Notre Dame Du Nord,47.5919972222,-79.4869972222,188,0.188,Notre Dame du Nord,Canada
84,Canada,Plevna,44.9177777778,-76.9397222222,281,0.281,Plevna,Canada
85,Canada,Renfrew,45.43,-76.64,186,0.186,Renfrew,Canada
86,Canada,Smiths Falls,44.879,-76.11,124,0.124,Smiths Falls,Canada
87,Canada,Stewartville,45.3833333333,-76.4833333333,157,0.157,Stewartville,Canada
88,China,Beijing,40.5166666667,116.65,600,0.6,Beijing,China
89,China,Harbin,45.765142,126.650162,185,0.185,Harbin,China
90,China,Hui Zhou Shi,23.1339782248,115.1431181067,79,0.079,惠州市,China
91,China,Shang Hai Shi,31.5163400506,121.9527328012,2,0.002,上海市,China
92,China,Xiao Gan Shi,31.2556145858,113.6801648121,51,0.051,孝感市,China
93,Croatia,Orebic,42.9794444444,17.1941666667,11,0.011,Orebic,Croatia
94,Croatia,Orebic,42.97577,17.17786,14,0.014,Orebić,Croatia
95,Croatia,Orebic,42.9794444444,17.1941666667,0,0.0,Orebic,Croatia
96,Cyprus,Kiti,34.8440565806,33.5780788349,20,0.02,Kiti,Cyprus
97,Czechia,Bazantnice,49.93389,13.27556,536,0.536,Bažantnice,Czechia
98,Czechia,Brno,49.2031447,16.5835942444,291,0.291,Brno,Czechia
99,Czechia,Byst,50.15356,15.95251,268,0.268,Býšť,Czechia
100,Czechia,Horni Bukovina,50.5447100489,14.9359926971,236,0.236,Horní Bukovina,Czechia
101,Czechia,Medlov,49.7822009323,17.0375336968,270,0.27,Medlov,Czechia
102,Czechia,Medlov,49.7822176851,17.0375534548,270,0.27,Medlov,Czechia
103,Czechia,Medlov,49.7822343112,17.0375373489,270,0.27,Medlov,Czechia
104,Czechia,Medlov,49.7821996734,17.0376333846,270,0.27,Medlov,Czechia
105,Czechia,Medlov,49.78323,17.03811,267,0.267,Medlov,Czechia
106,Czechia,Medlov,49.7821781979,17.0375183987,270,0.27,Medlov,Czechia
107,Czechia,Medlov,49.7821477167,17.0375797404,270,0.27,Medlov,Czechia
108,Czechia,Medlov,49.7822291155,17.0375502466,270,0.27,Medlov,Czechia
109,Czechia,Medlov - Hlivice,49.7822222222,17.0377777778,268,0.268,Medlov - Hlivice,Czechia
110,Czechia,Prague,50.1161523475,14.4417969914,191,0.191,Prague,Czechia
111,Czechia,Ricky V Orlickych Horach,50.2294447748,16.4910346468,929,0.929,Říčky v Orlických horách,Czechia
112,Denmark,Unknown,54.9822222222,12.3830555556,10,0.01,Rabylilli/Moen,Denmark
113,France,A Er Bi Ye,42.728651082,1.6890356268,1768,1.768,阿尔比耶,France
114,France,Ahetze,43.3752777778,-1.5716666667,80,0.08,"Ahetze, Pyrénées-Atlantiques",France
115,France,Any-martin-rieux,49.8832078627,4.217555031,216,0.216,Any-Martin-Rieux,France
116,France,Bainville-sur-madon,48.5964,6.08433,404,0.404,BAINVILLE-SUR-MADON,France
117,France,Banyuls-sur-mer,42.5005555556,3.1158333333,50,0.05,"Banyuls-sur-Mer, Pyrénées-Orientales",France
118,France,Billiers,47.5355555556,-2.49,11,0.011,"Billiers, Morbihan",France
119,France,Brem-sur-mer,46.5875,-1.8447222222,1,0.001,"Brem-sur-Mer, Vendee",France
120,France,Com De Lizarrieta,43.2602777778,-1.6188888889,435,0.435,"Com de Lizarrieta, Sare, Pyrénées-Atlantiques",France
121,France,Fleury,43.235,3.165,32,0.032,"Fleury, Dept. Aude",France
122,France,Ile De Noirmoutier,46.9463888889,-2.1852777778,11,0.011,"Ile de Noirmoutier, Vendee",France
123,France,Labastide-darmanac,43.9552777778,-0.1611111111,97,0.097,"Labastide-dArmanac, Landes",France
124,France,Landiras,44.5633333333,-0.3997222222,20,0.02,"Landiras, Gironde",France
125,France,Langan,48.2371456,-1.8479823,70,0.07,Langan,France
126,France,Les-moutiers-en-retz,47.0477777778,-1.9913888889,1,0.001,"Les-Moutiers-en-Retz, Loire-Atlantique",France
127,France,Longaulnay,48.3054268362,-1.9433495448,109,0.109,Longaulnay,France
128,France,Maubeuge,50.2695,3.9305,142,0.142,Maubeuge,France
129,France,Mezi,48.1554722222,0.0334166667,78,0.078,MEZI,France
130,France,Moliets-plage,43.8541666667,-1.3869444444,10,0.01,"Moliets-Plage, Landes",France
131,France,Monbazillac,44.7847222222,0.4866666667,152,0.152,"Monbazillac, Dordogne",France
132,France,Nice,43.694885,7.273685,5,0.005,Nice,France
133,France,Paucourt,48.0333761212,2.7975793255,121,0.121,Paucourt,France
134,France,Phare De Richard,45.4402777778,-0.9336111111,1,0.001,"Phare de Richard, Gironde",France
135,France,Pointe Daiguillon,46.2713888889,-1.2116666667,1,0.001,"Pointe dAiguillon, Vendee",France
136,France,Poussan,43.5291666667,3.6702777778,107,0.107,"Poussan, Dept. Hérault",France
137,France,Prades,42.6575,2.4230555556,693,0.693,"Prades, Pyrénées-Orientales",France
138,France,Revest Du Bion,44.0588888889,5.5519444444,900,0.9,Revest du Bion,France
139,France,Roquefort - Des - Corbiers,43.0094444444,2.9180555556,137,0.137,"Roquefort - des - Corbiers, Dept. Aude",France
140,France,Sahorre,42.5238888889,2.3627777778,726,0.726,"Sahorre, Pyrénées-Orientales",France
141,France,Saint-aubin-sur-mer,49.8927777778,0.8619444444,10,0.01,"Saint-Aubin-sur-Mer, Calvados",France
142,France,Sainte-marie-plage,42.74,3.0358333333,5,0.005,"Sainte-Marie-Plage, Pyrénées-Orientales",France
143,France,Tursac,44.9680555556,1.0372222222,59,0.059,"Tursac, Dordogne",France
144,France,Unknown,46.8075,-2.1227777778,3,0.003,"St. Jean-DE-Monts, Vendee",France
145,France,Unknown,47.58,-2.7133333333,3,0.003,"St. Armel, Morbihan",France
146,France,Vexin-sur-epte,49.1560542347,1.6047237975,101,0.101,Vexin-sur-Epte,France
147,France,Vexin-sur-epte,49.15605,1.60472,101,0.101,Vexin-sur-Epte,France
148,France,Xonrupt-longemer,48.0908520812,6.9441547171,791,0.791,Xonrupt-Longemer,France
149,Germany,Bremen,53.06156,8.81592,6,0.006,Bremen,Germany
150,Germany,Delmenhorst,53.0639757,8.6684234383,4,0.004,Delmenhorst,Germany
151,Germany,Gadsdorf,52.1888888889,13.3316666667,43,0.043,"Gadsdorf, Amt Mellensee, Brandenburg",Germany
152,Germany,Gadsdorf,52.1889040881,13.3315001318,43,0.043,Gadsdorf,Germany
153,Germany,Geldern - Vert,51.5297222222,6.3036111111,40,0.04,"Geldern - Vert, Nordrhein-Westfalen",Germany
154,Germany,Gnevsdorf,52.9119444444,11.8686111111,20,0.02,"Gnevsdorf, Brandenburg",Germany
155,Germany,Grevesmuhlen,53.8361111111,11.2075,20,0.02,"Grevesmühlen, Mecklenburg-Vorpommern",Germany
156,Germany,Gronau,52.2538888889,7.0688888889,37,0.037,Gronau,Germany
157,Germany,Gross Breesen,53.6908333333,12.1633333333,60,0.06,"Groß Breesen, Zehna, Mecklenburg-Vorpommern",Germany
158,Germany,Gross Molzahn,53.7144444444,10.8719444444,50,0.05,"Groß Molzahn, Kreis Nordwestmecklenburg",Germany
159,Germany,Gulper See,52.7519444444,12.2725,23,0.023,"Gülper See, Nordseite, Brandenburg",Germany
160,Germany,Heidelberg,49.4202777778,8.7475,221,0.221,Heidelberg,Germany
161,Germany,Herford,52.1236,8.7018,113,0.113,Herford,Germany
162,Germany,Hochwald,50.8166666667,14.7166666667,750,0.75,Hochwald,Germany
163,Germany,Hohenstein-ernstthal,50.8008333333,12.6988888889,385,0.385,"Hohenstein-Ernstthal, Sachsen",Germany
164,Germany,Hohenzieritz,53.4443994225,13.1200657576,20,0.02,Hohenzieritz,Germany
165,Germany,Kirchensittenbach,49.536901344,11.4441583713,420,0.42,Kirchensittenbach,Germany
166,Germany,Kirchensittenbach,49.5369795869,11.4441744646,422,0.422,Kirchensittenbach,Germany
167,Germany,Kulmbach,50.1583333333,11.3897222222,520,0.52,Kulmbach,Germany
168,Germany,Kulmbach,50.1361111111,11.4644444444,506,0.506,Kulmbach,Germany
169,Germany,Kulmbach,50.1583333333,11.3916666667,520,0.52,Kulmbach,Germany
170,Germany,Kulmbach,50.1361111111,11.4513888889,506,0.506,Kulmbach,Germany
171,Germany,Leisterforde,53.4783333333,10.7302777778,38,0.038,"Leisterförde, Kreis Ludwigslust-Parchim, Mecklenburg-Vorpommern",Germany
172,Germany,Lendershagen,54.25,12.85,10,0.01,Lendershagen,Germany
173,Germany,Lindenberg,52.2086111111,14.1222222222,117,0.117,Lindenberg,Germany
174,Germany,Markkleeberg,51.2833333333,12.3666666667,114,0.114,Markkleeberg,Germany
175,Germany,Marquardt,52.4561111111,12.9605555556,30,0.03,"Marquardt, Schlänitzsee",Germany
176,Germany,Marquardt,52.4565337898,12.9708741108,34,0.034,Marquardt,Germany
177,Germany,Marquardt Schlanitzsee,52.45275,12.9577777778,30,0.03,Marquardt Schlänitzsee,Germany
178,Germany,Ostseebad Wustrow,54.3502777778,12.3991666667,5,0.005,"Ostseebad Wustrow, Mecklenburg-Vorpommern",Germany
179,Germany,Privelack,53.2016666667,10.9758333333,10,0.01,"Privelack, Amt Neuhaus, Niedersachsen",Germany
180,Germany,Radebeul,51.12,13.61,122,0.122,Radebeul,Germany
181,Germany,Radebeul,51.12,13.61,112,0.112,Radebeul,Germany
182,Germany,Salzwedel,52.85034,11.16467,21,0.021,Salzwedel,Germany
183,Germany,Schmalenbeck,53.647984,10.262634,53,0.053,Schmalenbeck,Germany
184,Germany,Schwarzenbek,53.5,10.4833333333,50,0.05,Schwarzenbek,Germany
185,Germany,Seysdorf,48.5452777778,11.7197222222,463,0.463,Seysdorf,Germany
186,Germany,Toplitz,52.4475,12.9208333333,40,0.04,"Töplitz, Brandenburg",Germany
187,Germany,Toplitz,52.4475,12.9211111111,41,0.041,Töplitz,Germany
188,Germany,Tuttlingen,48.0197222222,8.8533333333,787,0.787,Tuttlingen,Germany
189,Germany,Unknown,52.1,14.07,71,0.071,Falkenberg/Tauche,Germany
190,Germany,Unknown,52.4474573509,12.9205127207,40,0.04,Werder (Havel),Germany
191,Germany,Untermassfeld,50.5246013326,10.4137914702,325,0.325,Untermaßfeld,Germany
192,Germany,Vetter,51.38602,7.3915,122,0.122,Веттер,Germany
193,Germany,Wachow,52.5030555556,12.7652777778,32,0.032,Wachow,Germany
194,Germany,Wachow Bei Nauen,52.5030555556,12.7655555556,32,0.032,"Wachow bei Nauen, Brandenburg",Germany
195,Germany,Wallenstein,50.9491666667,9.4969444444,356,0.356,"Wallenstein, Knüllwald, Hessen",Germany
196,Germany,Wesenberg,53.1930555556,13.0375,73,0.073,"Wesenberg, OT Strasen, Mecklenburg-Vorpommern",Germany
197,Greece,Imerovigli,36.4572222222,25.4236111111,250,0.25,"Imerovigli, Santorin",Greece
198,Greece,Kreta,35.1055379138,24.5613859583,90,0.09,Kreta,Greece
199,India,Bengaluru,12.9645407417,77.7414088632,869,0.869,Bengaluru,India
200,India,Pune,18.52043,73.85674,556,0.556,Pune,India
201,India,Pune,18.56392,73.81252,561,0.561,Pune,India
202,Iran,Garmsar - Sanard Village,35.1557,52.3496,815,0.815,Garmsar - Sanard Village,Iran
203,Iran,Sar Ziyarat,35.92111,51.1102,1992,1.992,Sar Ziyarat,Iran
204,Ireland,Baginbun Head,52.175,-6.8402777778,20,0.02,"Baginbun Head, Co. Wexford",Ireland
205,Ireland,Ballymacow Beach,52.14,-7.0561111111,5,0.005,"Ballymacow Beach, Co. Waterford",Ireland
206,Ireland,Ladys Islands Lake,52.1830555556,-6.3933333333,5,0.005,"Ladys  Islands Lake, Rosslare",Ireland
207,Ireland,Pillmore Strand,51.9094444444,-7.8952777778,3,0.003,"Pillmore Strand, Youghal, Co. Cork",Ireland
208,Ireland,Tra Dhale Mhic Airt,51.9816666667,-7.6330555556,4,0.004,"Tra Dhale mhic airt, Co. Waterford",Ireland
209,Ireland,Tra Ghleann Achain,51.9755555556,-7.6916666667,3,0.003,"Tra Ghleann achain, Co. Waterford",Ireland
210,Ireland,White Sand,51.9452777778,-10.1761111111,15,0.015,"White Sand, Cahersiveen, Co. Kerry",Ireland
211,Israel,Beer Menuha,30.30575,35.13343,181,0.181,Beer Menuha,Israel
212,Israel,Beer Menuha,30.3080555556,35.1330555556,187,0.187,Beer Menuha,Israel
213,Israel,Mhvz Hdrvm,30.307713119,35.1327380741,188,0.188,מחוז הדרום,Israel
214,Israel,Nahal Nekarot,30.5652777778,34.8852777778,486,0.486,Nahal Nekarot,Israel
215,Israel,Nahal Nekarot,30.5652777778,34.8852777778,480,0.48,Nahal Nekarot,Israel
216,Israel,Neot Semadar,30.0506159611,35.0319844742,404,0.404,Neot Semadar,Israel
217,Israel,Wise Observatory,30.5974,34.7623,875,0.875,"Wise observatory, Mitzpe Ramon",Israel
218,Italy,Frascati,41.80854,12.68317,341,0.341,Frascati,Italy
219,Italy,Gamalero,44.80021,8.54296,148,0.148,Gamalero,Italy
220,Italy,Lanciano,42.2363191536,14.4020474892,256,0.256,Lanciano,Italy
221,Japan,Mobara,35.3361111111,140.3944444444,4,0.004,Mobara,Japan
222,Japan,Sakuragawa,36.2625,140.1016666667,60,0.06,Sakuragawa,Japan
223,Japan,Sanmu,35.6044444444,140.5236111111,3,0.003,Sanmu,Japan
224,Netherlands,Bussloo,52.2,6.12,5,0.005,Bussloo,Netherlands
225,Netherlands,Cottessehoeve,50.7616298028,5.9424456925,155,0.155,Cottessehoeve,Netherlands
226,Netherlands,Ermelo,52.2897578145,5.6123875482,16,0.016,Ermelo,Netherlands
227,Netherlands,Ermelo,52.2836969398,5.6114527984,11,0.011,Ermelo,Netherlands
228,Netherlands,Ermelo,52.2836427918,5.6117424769,11,0.011,Ermelo,Netherlands
229,Netherlands,Ermelo,52.2994228987,5.6064925557,11,0.011,Ermelo,Netherlands
230,Netherlands,Lattrop,52.4149010366,6.9663311679,22,0.022,Lattrop,Netherlands
231,Netherlands,Lattrop,52.415,6.9663888889,22,0.022,Lattrop,Netherlands
232,Netherlands,Lattrop,52.414983244,6.9661606127,22,0.022,Lattrop,Netherlands
233,New Zealand,Gisborne,-38.6299,177.8833111111,12,0.012,Gisborne,New Zealand
234,Norway,Innlandet,60.3239429899,10.6434894119,452,0.452,Innlandet,Norway
235,Norway,Innlandet,60.3238898718,10.6434852695,453,0.453,Innlandet,Norway
236,Norway,Innlandet,60.3238929463,10.6433629717,452,0.452,Innlandet,Norway
237,Norway,Innlandet,60.3251699926,10.6485975599,514,0.514,Innlandet,Norway
238,Norway,Oppland,60.3251677554,10.6486093726,514,0.514,Oppland,Norway
239,Poland,Czernice Borowe,53.0325,20.7166666667,150,0.15,Czernice Borowe,Poland
240,Romania,Alba County,45.6896571884,23.5349124287,1248,1.248,Alba County,Romania
241,Romania,Bahnea,46.3,24.4,348,0.348,Bahnea,Romania
242,Romania,Bahnea,46.37148,24.47551,309,0.309,Bahnea,Romania
243,Romania,Brasov,45.6135946281,25.6338439789,631,0.631,Brașov,Romania
244,Romania,Feleacu,46.70792,23.59312,732,0.732,Feleacu,Romania
245,Russia,Nakhodka,42.858379,132.688318,30,0.03,Nakhodka,Russia
246,Russia,Simeiz,44.412239,33.991304,332,0.332,Simeiz,Russia
247,Russia,Volgograd,48.4991666667,44.5827777778,11,0.011,Volgograd,Russia
248,Serbia,Radanovci - Kosjeric,44.1313888889,19.8144444444,857,0.857,Radanovci - Kosjerić,Serbia
249,Serbia,Radanovci - Kosjeric,44.1313888889,19.8141666667,859,0.859,Radanovci - Kosjeric,Serbia
250,Slovakia,Hostina,49.1758333333,18.3413888889,480,0.48,Hostina,Slovakia
251,Slovakia,Hostina,49.1758333333,18.3413888889,478,0.478,Hostina,Slovakia
252,Slovakia,Kozuchov,48.5688888889,21.7219444444,110,0.11,Kozuchov,Slovakia
253,Slovakia,Roztoky,49.3997222222,21.4680555556,440,0.44,Roztoky,Slovakia
254,Slovakia,Roztoky,49.3996908769,21.4822221228,435,0.435,Roztoky,Slovakia
255,Slovakia,Roztoky,49.3997222222,21.4680555556,490,0.49,Roztoky,Slovakia
256,Slovakia,Telgart,48.8545315681,20.2048653668,901,0.901,Telgárt,Slovakia
257,Slovenia,Ambroz Pod Krvavcem,46.28539,14.53321,1430,1.43,Ambrož pod Krvavcem,Slovenia
258,Slovenia,Ambroz Pod Krvavcem,46.2852,14.53305,1427,1.427,Ambrož pod Krvavcem,Slovenia
259,Slovenia,Ambroz Pod Krvavcem,46.2852009339,14.5330544319,1427,1.427,Ambrož pod Krvavcem,Slovenia
260,Slovenia,Ambroz Pod Krvavcem,46.2848672864,14.532555541,1426,1.426,Ambrož pod Krvavcem,Slovenia
261,Slovenia,Ambroz Pod Krvavcem,46.2916104638,14.5329352723,1467,1.467,Ambrož pod Krvavcem,Slovenia
262,Slovenia,Cresnjevec,46.3634827226,15.6051089097,251,0.251,Črešnjevec,Slovenia
263,Slovenia,Dolenja Vas,45.72604,14.00616,526,0.526,Dolenja Vas,Slovenia
264,Slovenia,Dolenja Vas,45.7265991152,14.0064922035,527,0.527,Dolenja Vas,Slovenia
265,Slovenia,Kramarovci,46.8080555556,16.01,338,0.338,Kramarovci,Slovenia
266,Slovenia,Medvedje Brdo,45.97808,14.11652,810,0.81,Medvedje Brdo,Slovenia
267,Slovenia,Medvedje Brdo,45.96979,14.13502,811,0.811,Medvedje Brdo,Slovenia
268,Slovenia,Medvedje Brdo,45.9695888889,14.1353583333,811,0.811,Medvedje Brdo,Slovenia
269,Slovenia,Padeski Vrh,46.4203239792,15.3729065745,923,0.923,Padeški Vrh,Slovenia
270,Slovenia,Petrinje,45.5667157161,13.8962776898,430,0.43,Petrinje,Slovenia
271,Slovenia,Petrinje,45.5668375605,13.896409118,431,0.431,Petrinje,Slovenia
272,Slovenia,Podgorje,45.5360801961,13.9449043396,485,0.485,Podgorje,Slovenia
273,Slovenia,Podgraje,45.5389008502,14.3804810866,1256,1.256,Podgraje,Slovenia
274,Slovenia,Sneznik,45.5840162846,14.4142661914,1165,1.165,Snežnik,Slovenia
275,Slovenia,Vrh Pri Poljanah,45.81289,14.69565,846,0.846,Vrh pri Poljanah,Slovenia
276,Slovenia,Vrh Pri Poljanah,45.8128860084,14.6956515513,846,0.846,Vrh pri Poljanah,Slovenia
277,South Africa,Baltimore,-23.3087222222,28.4985,995,0.995,BALTIMORE,South Africa
278,South Africa,Benoni,-26.0902777778,28.3161111111,1617,1.617,BENONI,South Africa
279,Spain,Alcala,28.2113888889,-16.8288888889,78,0.078,"Alcala, Teneriffa",Spain
280,Spain,Andalucia,37.3372320426,-2.20235214,451,0.451,Andalucía,Spain
281,Spain,Boca Tauce,28.2127777778,-16.6813888889,2077,2.077,"Boca Tauce, Teneriffa",Spain
282,Spain,Calafell,41.1886066085,1.5685229442,2,0.002,Calafell,Spain
283,Spain,Canarias,27.9660989875,-15.5977231331,1601,1.601,Canarias,Spain
284,Spain,Canarias,27.9689346369,-15.5891320177,1670,1.67,Canarias,Spain
285,Spain,Canarias,28.7659153222,-17.9001446669,2075,2.075,Canarias,Spain
286,Spain,Canarias,27.9622661725,-15.5668361552,1912,1.912,Canarias,Spain
287,Spain,Canarias,27.9983986828,-15.554898984,1131,1.131,Canarias,Spain
288,Spain,Canarias,27.9848433943,-15.5698957764,1437,1.437,Canarias,Spain
289,Spain,Castilla Y Leon,40.8075076687,-5.8540341241,910,0.91,Castilla y León,Spain
290,Spain,Col Del Canto,42.37,1.2363888889,1725,1.725,"Col del Canto, Katalonien",Spain
291,Spain,Darnius,42.3597222222,2.8272222222,248,0.248,"Darnius, Katalonien",Spain
292,Spain,Encina De San Silvestre,41.0296767,-6.0861587,696,0.696,Encina de San Silvestre,Spain
293,Spain,Icod De Los Vinos,28.3641666667,-16.6913888889,454,0.454,"Icod de los Vinos, Teneriffa",Spain
294,Spain,Kanarische Inseln,28.8257058036,-17.8185475368,542,0.542,Kanarische Inseln,Spain
295,Spain,La Palma,28.8257058036,-17.8185475368,1980,1.98,La Palma,Spain
296,Spain,Llanos Del Garanon,27.9688888889,-15.5888888889,1670,1.67,"Llanos del Garañón, Gran Canaria",Spain
297,Spain,Llanos Del Garanon,27.9688888889,-15.5888888889,1700,1.7,"Llanos del Garañón, Gran Canaria",Spain
298,Spain,Los Cancajos,28.6483655155,-17.760751211,37,0.037,Los Cancajos,Spain
299,Spain,Noalla,42.4246666667,-8.85675,75,0.075,"Noalla, Pontevedra",Spain
300,Spain,Observatorio Del Teide,28.3019444444,-16.5097222222,2370,2.37,"Observatorio del Teide, Izana, Tenerife",Spain
301,Spain,Observatorio Del Teide,28.3019444444,-16.5097222222,0,0.0,"Observatorio del Teide, Izana, Tenerife",Spain
302,Spain,Observatorio Del Teide,28.3019892015,-16.5097773066,2383,2.383,"Observatorio del Teide, Izana, Tenerife",Spain
303,Spain,Parador De Canadas Del Teide,28.2247222222,-16.6275,2157,2.157,"Parador de Canadas del Teide, Teneriffa",Spain
304,Sweden,Piilijarvi,67.5330555556,21.1875,382,0.382,Piilijärvi,Sweden
305,Sweden,Sakkaravaara,67.8802777778,20.3066666667,433,0.433,Sakkaravaara,Sweden
306,Ukraine,Kiev,50.39181,30.5347,165,0.165,Kiev,Ukraine
307,Ukraine,Novotroitske,47.71704,37.55742,166,0.166,Novotroitske,Ukraine
308,Ukraine,Pomichna,48.233066986,31.4157460678,203,0.203,Помічна,Ukraine
309,Ukraine,Pomichna,48.0,31.0,230,0.23,Pomichna,Ukraine
310,United Kingdom,Middlesbrough,54.4019444444,-0.9275,414,0.414,Middlesbrough,United Kingdom
311,United Kingdom,Stokesley,54.4738888889,-1.1836111111,70,0.07,Stokesley,United Kingdom
312,United States,Alpine,30.2767,-103.595963,1621,1.621,"Alpine, Texas",United States
313,United States,Alpine,30.2766,-103.569,1621,1.621,"Alpine, Texas",United States
314,United States,Arizona,33.24246,-114.17815,488,0.488,Arizona,United States
315,United States,California,32.9900451259,-116.5768468137,1411,1.411,California,United States
316,United States,Charlottesville,37.8780555556,-78.6922222222,556,0.556,Charlottesville,United States
317,United States,Charlottesville,38.10025,-78.61604,192,0.192,"Charlottesville, Virginia",United States
318,United States,Coos Bay,43.11,-123.8563888889,794,0.794,"Coos Bay, Oregon",United States
319,United States,Coweta,35.9450187764,-95.7123090061,222,0.222,"Coweta, Oklahoma",United States
320,United States,Deer Creek Trailhead,34.0370277778,-111.3697277778,1005,1.005,"Deer Creek Trailhead, AZ",United States
321,United States,Dierks,34.1458333333,-94.1033333333,174,0.174,Dierks,United States
322,United States,El Cajon,32.862445,-116.860013,304,0.304,El Cajon,United States
323,United States,Eudora,38.8191666667,-95.0925,303,0.303,Eudora,United States
324,United States,Foreman,33.6873,-94.3734,128,0.128,Foreman,United States
325,United States,Hemingway,33.6414805556,-79.2669444444,14,0.014,"Hemingway, SC",United States
326,United States,Indianapolis,39.65973,-86.05006,223,0.223,Indianapolis,United States
327,United States,Kingman,37.6567,-98.3221,520,0.52,Kingman,United States
328,United States,Li Fu Mo Er,44.0235140536,-71.4919939333,858,0.858,利弗莫尔,United States
329,United States,Lower Klamath Nwr,41.9956944444,-121.7118055556,1245,1.245,"Lower Klamath NWR, CA",United States
330,United States,Lyons Valley Helipad,32.7475,-116.6677777778,768,0.768,Lyons Valley Helipad,United States
331,United States,Missouri,38.3561096288,-90.8735505555,151,0.151,Missouri,United States
332,United States,Olancha,36.2818675648,-118.0064718,1112,1.112,Olancha,United States
333,United States,Oregon,42.3964479767,-122.1963444061,1511,1.511,Oregon,United States
334,United States,Oregon,42.1494044228,-122.6349798354,686,0.686,Oregon,United States
335,United States,Oregon,42.1495411292,-122.6360431816,694,0.694,Oregon,United States
336,United States,Oregon,42.3868929823,-121.8115421618,1394,1.394,Oregon,United States
337,United States,Oregon,42.0043391008,-121.8891105104,1277,1.277,Oregon,United States
338,United States,Oregon,42.3933896068,-122.1986604935,1510,1.51,Oregon,United States
339,United States,Pasco,46.233121511,-119.1479496804,112,0.112,Pasco,United States
340,United States,Quarztsite,33.24245,-114.17815,488,0.488,Quarztsite,United States
341,United States,Seligman,35.2758333333,-112.8691666667,1590,1.59,"Seligman, Arizona",United States
342,United States,Texas,30.8231417933,-101.1957519433,774,0.774,Texas,United States
343,United States,Tucson - Tanque Verde,32.2819444444,-110.768333333,826,0.826,Tucson - Tanque Verde,United States
344,United States,Tucson Estates,32.20181,-111.12567,787,0.787,Tucson Estates,United States
345,United States,Whiteside,39.1743333333,-91.0125277778,232,0.232,"Whiteside, MO",United States
